split,chrom,start,end,bin_size,n_bins
train,chr1,0,1000000,10000,100
train,chr1,1000000,2000000,10000,100
train,chr1,2000000,3000000,10000,100
train,chr1,3000000,4000000,10000,100
train,chr1,4000000,5000000,10000,100
train,chr1,5000000,6000000,10000,100
train,chr1,6000000,7000000,10000,100
train,chr1,7000000,8000000,10000,100
train,chr1,8000000,9000000,10000,100
train,chr1,9000000,10000000,10000,100
train,chr1,10000000,11000000,10000,100
train,chr1,11000000,12000000,10000,100
train,chr1,12000000,13000000,10000,100
train,chr1,13000000,14000000,10000,100
train,chr1,14000000,15000000,10000,100
train,chr1,15000000,16000000,10000,100
train,chr1,16000000,17000000,10000,100
train,chr1,17000000,18000000,10000,100
train,chr1,18000000,19000000,10000,100
train,chr1,19000000,20000000,10000,100
train,chr1,20000000,21000000,10000,100
train,chr1,21000000,22000000,10000,100
train,chr1,22000000,23000000,10000,100
train,chr1,23000000,24000000,10000,100
train,chr1,24000000,25000000,10000,100
train,chr1,25000000,26000000,10000,100
train,chr1,26000000,27000000,10000,100
train,chr1,27000000,28000000,10000,100
train,chr1,28000000,29000000,10000,100
train,chr1,29000000,30000000,10000,100
train,chr1,30000000,31000000,10000,100
train,chr1,31000000,32000000,10000,100
train,chr1,32000000,33000000,10000,100
train,chr1,33000000,34000000,10000,100
train,chr1,34000000,35000000,10000,100
train,chr1,35000000,36000000,10000,100
train,chr1,36000000,37000000,10000,100
train,chr1,37000000,38000000,10000,100
train,chr1,38000000,39000000,10000,100
train,chr1,39000000,40000000,10000,100
train,chr1,40000000,41000000,10000,100
train,chr1,41000000,42000000,10000,100
train,chr1,42000000,43000000,10000,100
train,chr1,43000000,44000000,10000,100
train,chr1,44000000,45000000,10000,100
train,chr1,45000000,46000000,10000,100
train,chr1,46000000,47000000,10000,100
train,chr1,47000000,48000000,10000,100
train,chr1,48000000,49000000,10000,100
train,chr1,49000000,50000000,10000,100
train,chr1,50000000,51000000,10000,100
train,chr1,51000000,52000000,10000,100
train,chr1,52000000,53000000,10000,100
train,chr1,53000000,54000000,10000,100
train,chr1,54000000,55000000,10000,100
train,chr1,55000000,56000000,10000,100
train,chr1,56000000,57000000,10000,100
train,chr1,57000000,58000000,10000,100
train,chr1,58000000,59000000,10000,100
train,chr1,59000000,60000000,10000,100
train,chr1,60000000,61000000,10000,100
train,chr1,61000000,62000000,10000,100
train,chr1,62000000,63000000,10000,100
train,chr1,63000000,64000000,10000,100
train,chr1,64000000,65000000,10000,100
train,chr1,65000000,66000000,10000,100
train,chr1,66000000,67000000,10000,100
train,chr1,67000000,68000000,10000,100
train,chr1,68000000,69000000,10000,100
train,chr1,69000000,70000000,10000,100
train,chr1,70000000,71000000,10000,100
train,chr1,71000000,72000000,10000,100
train,chr1,72000000,73000000,10000,100
train,chr1,73000000,74000000,10000,100
train,chr1,74000000,75000000,10000,100
train,chr1,75000000,76000000,10000,100
train,chr1,76000000,77000000,10000,100
train,chr1,77000000,78000000,10000,100
train,chr1,78000000,79000000,10000,100
train,chr1,79000000,80000000,10000,100
train,chr1,80000000,81000000,10000,100
train,chr1,81000000,82000000,10000,100
train,chr1,82000000,83000000,10000,100
train,chr1,83000000,84000000,10000,100
train,chr1,84000000,85000000,10000,100
train,chr1,85000000,86000000,10000,100
train,chr1,86000000,87000000,10000,100
train,chr1,87000000,88000000,10000,100
train,chr1,88000000,89000000,10000,100
train,chr1,89000000,90000000,10000,100
train,chr1,90000000,91000000,10000,100
train,chr1,91000000,92000000,10000,100
train,chr1,92000000,93000000,10000,100
train,chr1,93000000,94000000,10000,100
train,chr1,94000000,95000000,10000,100
train,chr1,95000000,96000000,10000,100
train,chr1,96000000,97000000,10000,100
train,chr1,97000000,98000000,10000,100
train,chr1,98000000,99000000,10000,100
train,chr1,99000000,100000000,10000,100
train,chr1,100000000,101000000,10000,100
train,chr1,101000000,102000000,10000,100
train,chr1,102000000,103000000,10000,100
train,chr1,103000000,104000000,10000,100
train,chr1,104000000,105000000,10000,100
train,chr1,105000000,106000000,10000,100
train,chr1,106000000,107000000,10000,100
train,chr1,107000000,108000000,10000,100
train,chr1,108000000,109000000,10000,100
train,chr1,109000000,110000000,10000,100
train,chr1,110000000,111000000,10000,100
train,chr1,111000000,112000000,10000,100
train,chr1,112000000,113000000,10000,100
train,chr1,113000000,114000000,10000,100
train,chr1,114000000,115000000,10000,100
train,chr1,115000000,116000000,10000,100
train,chr1,116000000,117000000,10000,100
train,chr1,117000000,118000000,10000,100
train,chr1,118000000,119000000,10000,100
train,chr1,119000000,120000000,10000,100
train,chr1,120000000,121000000,10000,100
train,chr1,121000000,122000000,10000,100
train,chr1,122000000,123000000,10000,100
train,chr1,123000000,124000000,10000,100
train,chr1,124000000,125000000,10000,100
train,chr1,125000000,126000000,10000,100
train,chr1,126000000,127000000,10000,100
train,chr1,127000000,128000000,10000,100
train,chr1,128000000,129000000,10000,100
train,chr1,129000000,130000000,10000,100
train,chr1,130000000,131000000,10000,100
train,chr1,131000000,132000000,10000,100
train,chr1,132000000,133000000,10000,100
train,chr1,133000000,134000000,10000,100
train,chr1,134000000,135000000,10000,100
train,chr1,135000000,136000000,10000,100
train,chr1,136000000,137000000,10000,100
train,chr1,137000000,138000000,10000,100
train,chr1,138000000,139000000,10000,100
train,chr1,139000000,140000000,10000,100
train,chr1,140000000,141000000,10000,100
train,chr1,141000000,142000000,10000,100
train,chr1,142000000,143000000,10000,100
train,chr1,143000000,144000000,10000,100
train,chr1,144000000,145000000,10000,100
train,chr1,145000000,146000000,10000,100
train,chr1,146000000,147000000,10000,100
train,chr1,147000000,148000000,10000,100
train,chr1,148000000,149000000,10000,100
train,chr1,149000000,150000000,10000,100
train,chr1,150000000,151000000,10000,100
train,chr1,151000000,152000000,10000,100
train,chr1,152000000,153000000,10000,100
train,chr1,153000000,154000000,10000,100
train,chr1,154000000,155000000,10000,100
train,chr1,155000000,156000000,10000,100
train,chr1,156000000,157000000,10000,100
train,chr1,157000000,158000000,10000,100
train,chr1,158000000,159000000,10000,100
train,chr1,159000000,160000000,10000,100
train,chr1,160000000,161000000,10000,100
train,chr1,161000000,162000000,10000,100
train,chr1,162000000,163000000,10000,100
train,chr1,163000000,164000000,10000,100
train,chr1,164000000,165000000,10000,100
train,chr1,165000000,166000000,10000,100
train,chr1,166000000,167000000,10000,100
train,chr1,167000000,168000000,10000,100
train,chr1,168000000,169000000,10000,100
train,chr1,169000000,170000000,10000,100
train,chr1,170000000,171000000,10000,100
train,chr1,171000000,172000000,10000,100
train,chr1,172000000,173000000,10000,100
train,chr1,173000000,174000000,10000,100
train,chr1,174000000,175000000,10000,100
train,chr1,175000000,176000000,10000,100
train,chr1,176000000,177000000,10000,100
train,chr1,177000000,178000000,10000,100
train,chr1,178000000,179000000,10000,100
train,chr1,179000000,180000000,10000,100
train,chr1,180000000,181000000,10000,100
train,chr1,181000000,182000000,10000,100
train,chr1,182000000,183000000,10000,100
train,chr1,183000000,184000000,10000,100
train,chr1,184000000,185000000,10000,100
train,chr1,185000000,186000000,10000,100
train,chr1,186000000,187000000,10000,100
train,chr1,187000000,188000000,10000,100
train,chr1,188000000,189000000,10000,100
train,chr1,189000000,190000000,10000,100
train,chr1,190000000,191000000,10000,100
train,chr1,191000000,192000000,10000,100
train,chr1,192000000,193000000,10000,100
train,chr1,193000000,194000000,10000,100
train,chr1,194000000,195000000,10000,100
train,chr1,195000000,196000000,10000,100
train,chr1,196000000,197000000,10000,100
train,chr1,197000000,198000000,10000,100
train,chr1,198000000,199000000,10000,100
train,chr1,199000000,200000000,10000,100
train,chr1,200000000,201000000,10000,100
train,chr1,201000000,202000000,10000,100
train,chr1,202000000,203000000,10000,100
train,chr1,203000000,204000000,10000,100
train,chr1,204000000,205000000,10000,100
train,chr1,205000000,206000000,10000,100
train,chr1,206000000,207000000,10000,100
train,chr1,207000000,208000000,10000,100
train,chr1,208000000,209000000,10000,100
train,chr1,209000000,210000000,10000,100
train,chr1,210000000,211000000,10000,100
train,chr1,211000000,212000000,10000,100
train,chr1,212000000,213000000,10000,100
train,chr1,213000000,214000000,10000,100
train,chr1,214000000,215000000,10000,100
train,chr1,215000000,216000000,10000,100
train,chr1,216000000,217000000,10000,100
train,chr1,217000000,218000000,10000,100
train,chr1,218000000,219000000,10000,100
train,chr1,219000000,220000000,10000,100
train,chr1,220000000,221000000,10000,100
train,chr1,221000000,222000000,10000,100
train,chr1,222000000,223000000,10000,100
train,chr1,223000000,224000000,10000,100
train,chr1,224000000,225000000,10000,100
train,chr1,225000000,226000000,10000,100
train,chr1,226000000,227000000,10000,100
train,chr1,227000000,228000000,10000,100
train,chr1,228000000,229000000,10000,100
train,chr1,229000000,230000000,10000,100
train,chr1,230000000,231000000,10000,100
train,chr1,231000000,232000000,10000,100
train,chr1,232000000,233000000,10000,100
train,chr1,233000000,234000000,10000,100
train,chr1,234000000,235000000,10000,100
train,chr1,235000000,236000000,10000,100
train,chr1,236000000,237000000,10000,100
train,chr1,237000000,238000000,10000,100
train,chr1,238000000,239000000,10000,100
train,chr1,239000000,240000000,10000,100
train,chr1,240000000,241000000,10000,100
train,chr1,241000000,242000000,10000,100
train,chr1,242000000,243000000,10000,100
train,chr1,243000000,244000000,10000,100
train,chr1,244000000,245000000,10000,100
train,chr1,245000000,246000000,10000,100
train,chr1,246000000,247000000,10000,100
train,chr1,247000000,248000000,10000,100
train,chr2,0,1000000,10000,100
train,chr2,1000000,2000000,10000,100
train,chr2,2000000,3000000,10000,100
train,chr2,3000000,4000000,10000,100
train,chr2,4000000,5000000,10000,100
train,chr2,5000000,6000000,10000,100
train,chr2,6000000,7000000,10000,100
train,chr2,7000000,8000000,10000,100
train,chr2,8000000,9000000,10000,100
train,chr2,9000000,10000000,10000,100
train,chr2,10000000,11000000,10000,100
train,chr2,11000000,12000000,10000,100
train,chr2,12000000,13000000,10000,100
train,chr2,13000000,14000000,10000,100
train,chr2,14000000,15000000,10000,100
train,chr2,15000000,16000000,10000,100
train,chr2,16000000,17000000,10000,100
train,chr2,17000000,18000000,10000,100
train,chr2,18000000,19000000,10000,100
train,chr2,19000000,20000000,10000,100
train,chr2,20000000,21000000,10000,100
train,chr2,21000000,22000000,10000,100
train,chr2,22000000,23000000,10000,100
train,chr2,23000000,24000000,10000,100
train,chr2,24000000,25000000,10000,100
train,chr2,25000000,26000000,10000,100
train,chr2,26000000,27000000,10000,100
train,chr2,27000000,28000000,10000,100
train,chr2,28000000,29000000,10000,100
train,chr2,29000000,30000000,10000,100
train,chr2,30000000,31000000,10000,100
train,chr2,31000000,32000000,10000,100
train,chr2,32000000,33000000,10000,100
train,chr2,33000000,34000000,10000,100
train,chr2,34000000,35000000,10000,100
train,chr2,35000000,36000000,10000,100
train,chr2,36000000,37000000,10000,100
train,chr2,37000000,38000000,10000,100
train,chr2,38000000,39000000,10000,100
train,chr2,39000000,40000000,10000,100
train,chr2,40000000,41000000,10000,100
train,chr2,41000000,42000000,10000,100
train,chr2,42000000,43000000,10000,100
train,chr2,43000000,44000000,10000,100
train,chr2,44000000,45000000,10000,100
train,chr2,45000000,46000000,10000,100
train,chr2,46000000,47000000,10000,100
train,chr2,47000000,48000000,10000,100
train,chr2,48000000,49000000,10000,100
train,chr2,49000000,50000000,10000,100
train,chr2,50000000,51000000,10000,100
train,chr2,51000000,52000000,10000,100
train,chr2,52000000,53000000,10000,100
train,chr2,53000000,54000000,10000,100
train,chr2,54000000,55000000,10000,100
train,chr2,55000000,56000000,10000,100
train,chr2,56000000,57000000,10000,100
train,chr2,57000000,58000000,10000,100
train,chr2,58000000,59000000,10000,100
train,chr2,59000000,60000000,10000,100
train,chr2,60000000,61000000,10000,100
train,chr2,61000000,62000000,10000,100
train,chr2,62000000,63000000,10000,100
train,chr2,63000000,64000000,10000,100
train,chr2,64000000,65000000,10000,100
train,chr2,65000000,66000000,10000,100
train,chr2,66000000,67000000,10000,100
train,chr2,67000000,68000000,10000,100
train,chr2,68000000,69000000,10000,100
train,chr2,69000000,70000000,10000,100
train,chr2,70000000,71000000,10000,100
train,chr2,71000000,72000000,10000,100
train,chr2,72000000,73000000,10000,100
train,chr2,73000000,74000000,10000,100
train,chr2,74000000,75000000,10000,100
train,chr2,75000000,76000000,10000,100
train,chr2,76000000,77000000,10000,100
train,chr2,77000000,78000000,10000,100
train,chr2,78000000,79000000,10000,100
train,chr2,79000000,80000000,10000,100
train,chr2,80000000,81000000,10000,100
train,chr2,81000000,82000000,10000,100
train,chr2,82000000,83000000,10000,100
train,chr2,83000000,84000000,10000,100
train,chr2,84000000,85000000,10000,100
train,chr2,85000000,86000000,10000,100
train,chr2,86000000,87000000,10000,100
train,chr2,87000000,88000000,10000,100
train,chr2,88000000,89000000,10000,100
train,chr2,89000000,90000000,10000,100
train,chr2,90000000,91000000,10000,100
train,chr2,91000000,92000000,10000,100
train,chr2,92000000,93000000,10000,100
train,chr2,93000000,94000000,10000,100
train,chr2,94000000,95000000,10000,100
train,chr2,95000000,96000000,10000,100
train,chr2,96000000,97000000,10000,100
train,chr2,97000000,98000000,10000,100
train,chr2,98000000,99000000,10000,100
train,chr2,99000000,100000000,10000,100
train,chr2,100000000,101000000,10000,100
train,chr2,101000000,102000000,10000,100
train,chr2,102000000,103000000,10000,100
train,chr2,103000000,104000000,10000,100
train,chr2,104000000,105000000,10000,100
train,chr2,105000000,106000000,10000,100
train,chr2,106000000,107000000,10000,100
train,chr2,107000000,108000000,10000,100
train,chr2,108000000,109000000,10000,100
train,chr2,109000000,110000000,10000,100
train,chr2,110000000,111000000,10000,100
train,chr2,111000000,112000000,10000,100
train,chr2,112000000,113000000,10000,100
train,chr2,113000000,114000000,10000,100
train,chr2,114000000,115000000,10000,100
train,chr2,115000000,116000000,10000,100
train,chr2,116000000,117000000,10000,100
train,chr2,117000000,118000000,10000,100
train,chr2,118000000,119000000,10000,100
train,chr2,119000000,120000000,10000,100
train,chr2,120000000,121000000,10000,100
train,chr2,121000000,122000000,10000,100
train,chr2,122000000,123000000,10000,100
train,chr2,123000000,124000000,10000,100
train,chr2,124000000,125000000,10000,100
train,chr2,125000000,126000000,10000,100
train,chr2,126000000,127000000,10000,100
train,chr2,127000000,128000000,10000,100
train,chr2,128000000,129000000,10000,100
train,chr2,129000000,130000000,10000,100
train,chr2,130000000,131000000,10000,100
train,chr2,131000000,132000000,10000,100
train,chr2,132000000,133000000,10000,100
train,chr2,133000000,134000000,10000,100
train,chr2,134000000,135000000,10000,100
train,chr2,135000000,136000000,10000,100
train,chr2,136000000,137000000,10000,100
train,chr2,137000000,138000000,10000,100
train,chr2,138000000,139000000,10000,100
train,chr2,139000000,140000000,10000,100
train,chr2,140000000,141000000,10000,100
train,chr2,141000000,142000000,10000,100
train,chr2,142000000,143000000,10000,100
train,chr2,143000000,144000000,10000,100
train,chr2,144000000,145000000,10000,100
train,chr2,145000000,146000000,10000,100
train,chr2,146000000,147000000,10000,100
train,chr2,147000000,148000000,10000,100
train,chr2,148000000,149000000,10000,100
train,chr2,149000000,150000000,10000,100
train,chr2,150000000,151000000,10000,100
train,chr2,151000000,152000000,10000,100
train,chr2,152000000,153000000,10000,100
train,chr2,153000000,154000000,10000,100
train,chr2,154000000,155000000,10000,100
train,chr2,155000000,156000000,10000,100
train,chr2,156000000,157000000,10000,100
train,chr2,157000000,158000000,10000,100
train,chr2,158000000,159000000,10000,100
train,chr2,159000000,160000000,10000,100
train,chr2,160000000,161000000,10000,100
train,chr2,161000000,162000000,10000,100
train,chr2,162000000,163000000,10000,100
train,chr2,163000000,164000000,10000,100
train,chr2,164000000,165000000,10000,100
train,chr2,165000000,166000000,10000,100
train,chr2,166000000,167000000,10000,100
train,chr2,167000000,168000000,10000,100
train,chr2,168000000,169000000,10000,100
train,chr2,169000000,170000000,10000,100
train,chr2,170000000,171000000,10000,100
train,chr2,171000000,172000000,10000,100
train,chr2,172000000,173000000,10000,100
train,chr2,173000000,174000000,10000,100
train,chr2,174000000,175000000,10000,100
train,chr2,175000000,176000000,10000,100
train,chr2,176000000,177000000,10000,100
train,chr2,177000000,178000000,10000,100
train,chr2,178000000,179000000,10000,100
train,chr2,179000000,180000000,10000,100
train,chr2,180000000,181000000,10000,100
train,chr2,181000000,182000000,10000,100
train,chr2,182000000,183000000,10000,100
train,chr2,183000000,184000000,10000,100
train,chr2,184000000,185000000,10000,100
train,chr2,185000000,186000000,10000,100
train,chr2,186000000,187000000,10000,100
train,chr2,187000000,188000000,10000,100
train,chr2,188000000,189000000,10000,100
train,chr2,189000000,190000000,10000,100
train,chr2,190000000,191000000,10000,100
train,chr2,191000000,192000000,10000,100
train,chr2,192000000,193000000,10000,100
train,chr2,193000000,194000000,10000,100
train,chr2,194000000,195000000,10000,100
train,chr2,195000000,196000000,10000,100
train,chr2,196000000,197000000,10000,100
train,chr2,197000000,198000000,10000,100
train,chr2,198000000,199000000,10000,100
train,chr2,199000000,200000000,10000,100
train,chr2,200000000,201000000,10000,100
train,chr2,201000000,202000000,10000,100
train,chr2,202000000,203000000,10000,100
train,chr2,203000000,204000000,10000,100
train,chr2,204000000,205000000,10000,100
train,chr2,205000000,206000000,10000,100
train,chr2,206000000,207000000,10000,100
train,chr2,207000000,208000000,10000,100
train,chr2,208000000,209000000,10000,100
train,chr2,209000000,210000000,10000,100
train,chr2,210000000,211000000,10000,100
train,chr2,211000000,212000000,10000,100
train,chr2,212000000,213000000,10000,100
train,chr2,213000000,214000000,10000,100
train,chr2,214000000,215000000,10000,100
train,chr2,215000000,216000000,10000,100
train,chr2,216000000,217000000,10000,100
train,chr2,217000000,218000000,10000,100
train,chr2,218000000,219000000,10000,100
train,chr2,219000000,220000000,10000,100
train,chr2,220000000,221000000,10000,100
train,chr2,221000000,222000000,10000,100
train,chr2,222000000,223000000,10000,100
train,chr2,223000000,224000000,10000,100
train,chr2,224000000,225000000,10000,100
train,chr2,225000000,226000000,10000,100
train,chr2,226000000,227000000,10000,100
train,chr2,227000000,228000000,10000,100
train,chr2,228000000,229000000,10000,100
train,chr2,229000000,230000000,10000,100
train,chr2,230000000,231000000,10000,100
train,chr2,231000000,232000000,10000,100
train,chr2,232000000,233000000,10000,100
train,chr2,233000000,234000000,10000,100
train,chr2,234000000,235000000,10000,100
train,chr2,235000000,236000000,10000,100
train,chr2,236000000,237000000,10000,100
train,chr2,237000000,238000000,10000,100
train,chr2,238000000,239000000,10000,100
train,chr2,239000000,240000000,10000,100
train,chr2,240000000,241000000,10000,100
train,chr2,241000000,242000000,10000,100
train,chr3,0,1000000,10000,100
train,chr3,1000000,2000000,10000,100
train,chr3,2000000,3000000,10000,100
train,chr3,3000000,4000000,10000,100
train,chr3,4000000,5000000,10000,100
train,chr3,5000000,6000000,10000,100
train,chr3,6000000,7000000,10000,100
train,chr3,7000000,8000000,10000,100
train,chr3,8000000,9000000,10000,100
train,chr3,9000000,10000000,10000,100
train,chr3,10000000,11000000,10000,100
train,chr3,11000000,12000000,10000,100
train,chr3,12000000,13000000,10000,100
train,chr3,13000000,14000000,10000,100
train,chr3,14000000,15000000,10000,100
train,chr3,15000000,16000000,10000,100
train,chr3,16000000,17000000,10000,100
train,chr3,17000000,18000000,10000,100
train,chr3,18000000,19000000,10000,100
train,chr3,19000000,20000000,10000,100
train,chr3,20000000,21000000,10000,100
train,chr3,21000000,22000000,10000,100
train,chr3,22000000,23000000,10000,100
train,chr3,23000000,24000000,10000,100
train,chr3,24000000,25000000,10000,100
train,chr3,25000000,26000000,10000,100
train,chr3,26000000,27000000,10000,100
train,chr3,27000000,28000000,10000,100
train,chr3,28000000,29000000,10000,100
train,chr3,29000000,30000000,10000,100
train,chr3,30000000,31000000,10000,100
train,chr3,31000000,32000000,10000,100
train,chr3,32000000,33000000,10000,100
train,chr3,33000000,34000000,10000,100
train,chr3,34000000,35000000,10000,100
train,chr3,35000000,36000000,10000,100
train,chr3,36000000,37000000,10000,100
train,chr3,37000000,38000000,10000,100
train,chr3,38000000,39000000,10000,100
train,chr3,39000000,40000000,10000,100
train,chr3,40000000,41000000,10000,100
train,chr3,41000000,42000000,10000,100
train,chr3,42000000,43000000,10000,100
train,chr3,43000000,44000000,10000,100
train,chr3,44000000,45000000,10000,100
train,chr3,45000000,46000000,10000,100
train,chr3,46000000,47000000,10000,100
train,chr3,47000000,48000000,10000,100
train,chr3,48000000,49000000,10000,100
train,chr3,49000000,50000000,10000,100
train,chr3,50000000,51000000,10000,100
train,chr3,51000000,52000000,10000,100
train,chr3,52000000,53000000,10000,100
train,chr3,53000000,54000000,10000,100
train,chr3,54000000,55000000,10000,100
train,chr3,55000000,56000000,10000,100
train,chr3,56000000,57000000,10000,100
train,chr3,57000000,58000000,10000,100
train,chr3,58000000,59000000,10000,100
train,chr3,59000000,60000000,10000,100
train,chr3,60000000,61000000,10000,100
train,chr3,61000000,62000000,10000,100
train,chr3,62000000,63000000,10000,100
train,chr3,63000000,64000000,10000,100
train,chr3,64000000,65000000,10000,100
train,chr3,65000000,66000000,10000,100
train,chr3,66000000,67000000,10000,100
train,chr3,67000000,68000000,10000,100
train,chr3,68000000,69000000,10000,100
train,chr3,69000000,70000000,10000,100
train,chr3,70000000,71000000,10000,100
train,chr3,71000000,72000000,10000,100
train,chr3,72000000,73000000,10000,100
train,chr3,73000000,74000000,10000,100
train,chr3,74000000,75000000,10000,100
train,chr3,75000000,76000000,10000,100
train,chr3,76000000,77000000,10000,100
train,chr3,77000000,78000000,10000,100
train,chr3,78000000,79000000,10000,100
train,chr3,79000000,80000000,10000,100
train,chr3,80000000,81000000,10000,100
train,chr3,81000000,82000000,10000,100
train,chr3,82000000,83000000,10000,100
train,chr3,83000000,84000000,10000,100
train,chr3,84000000,85000000,10000,100
train,chr3,85000000,86000000,10000,100
train,chr3,86000000,87000000,10000,100
train,chr3,87000000,88000000,10000,100
train,chr3,88000000,89000000,10000,100
train,chr3,89000000,90000000,10000,100
train,chr3,90000000,91000000,10000,100
train,chr3,91000000,92000000,10000,100
train,chr3,92000000,93000000,10000,100
train,chr3,93000000,94000000,10000,100
train,chr3,94000000,95000000,10000,100
train,chr3,95000000,96000000,10000,100
train,chr3,96000000,97000000,10000,100
train,chr3,97000000,98000000,10000,100
train,chr3,98000000,99000000,10000,100
train,chr3,99000000,100000000,10000,100
train,chr3,100000000,101000000,10000,100
train,chr3,101000000,102000000,10000,100
train,chr3,102000000,103000000,10000,100
train,chr3,103000000,104000000,10000,100
train,chr3,104000000,105000000,10000,100
train,chr3,105000000,106000000,10000,100
train,chr3,106000000,107000000,10000,100
train,chr3,107000000,108000000,10000,100
train,chr3,108000000,109000000,10000,100
train,chr3,109000000,110000000,10000,100
train,chr3,110000000,111000000,10000,100
train,chr3,111000000,112000000,10000,100
train,chr3,112000000,113000000,10000,100
train,chr3,113000000,114000000,10000,100
train,chr3,114000000,115000000,10000,100
train,chr3,115000000,116000000,10000,100
train,chr3,116000000,117000000,10000,100
train,chr3,117000000,118000000,10000,100
train,chr3,118000000,119000000,10000,100
train,chr3,119000000,120000000,10000,100
train,chr3,120000000,121000000,10000,100
train,chr3,121000000,122000000,10000,100
train,chr3,122000000,123000000,10000,100
train,chr3,123000000,124000000,10000,100
train,chr3,124000000,125000000,10000,100
train,chr3,125000000,126000000,10000,100
train,chr3,126000000,127000000,10000,100
train,chr3,127000000,128000000,10000,100
train,chr3,128000000,129000000,10000,100
train,chr3,129000000,130000000,10000,100
train,chr3,130000000,131000000,10000,100
train,chr3,131000000,132000000,10000,100
train,chr3,132000000,133000000,10000,100
train,chr3,133000000,134000000,10000,100
train,chr3,134000000,135000000,10000,100
train,chr3,135000000,136000000,10000,100
train,chr3,136000000,137000000,10000,100
train,chr3,137000000,138000000,10000,100
train,chr3,138000000,139000000,10000,100
train,chr3,139000000,140000000,10000,100
train,chr3,140000000,141000000,10000,100
train,chr3,141000000,142000000,10000,100
train,chr3,142000000,143000000,10000,100
train,chr3,143000000,144000000,10000,100
train,chr3,144000000,145000000,10000,100
train,chr3,145000000,146000000,10000,100
train,chr3,146000000,147000000,10000,100
train,chr3,147000000,148000000,10000,100
train,chr3,148000000,149000000,10000,100
train,chr3,149000000,150000000,10000,100
train,chr3,150000000,151000000,10000,100
train,chr3,151000000,152000000,10000,100
train,chr3,152000000,153000000,10000,100
train,chr3,153000000,154000000,10000,100
train,chr3,154000000,155000000,10000,100
train,chr3,155000000,156000000,10000,100
train,chr3,156000000,157000000,10000,100
train,chr3,157000000,158000000,10000,100
train,chr3,158000000,159000000,10000,100
train,chr3,159000000,160000000,10000,100
train,chr3,160000000,161000000,10000,100
train,chr3,161000000,162000000,10000,100
train,chr3,162000000,163000000,10000,100
train,chr3,163000000,164000000,10000,100
train,chr3,164000000,165000000,10000,100
train,chr3,165000000,166000000,10000,100
train,chr3,166000000,167000000,10000,100
train,chr3,167000000,168000000,10000,100
train,chr3,168000000,169000000,10000,100
train,chr3,169000000,170000000,10000,100
train,chr3,170000000,171000000,10000,100
train,chr3,171000000,172000000,10000,100
train,chr3,172000000,173000000,10000,100
train,chr3,173000000,174000000,10000,100
train,chr3,174000000,175000000,10000,100
train,chr3,175000000,176000000,10000,100
train,chr3,176000000,177000000,10000,100
train,chr3,177000000,178000000,10000,100
train,chr3,178000000,179000000,10000,100
train,chr3,179000000,180000000,10000,100
train,chr3,180000000,181000000,10000,100
train,chr3,181000000,182000000,10000,100
train,chr3,182000000,183000000,10000,100
train,chr3,183000000,184000000,10000,100
train,chr3,184000000,185000000,10000,100
train,chr3,185000000,186000000,10000,100
train,chr3,186000000,187000000,10000,100
train,chr3,187000000,188000000,10000,100
train,chr3,188000000,189000000,10000,100
train,chr3,189000000,190000000,10000,100
train,chr3,190000000,191000000,10000,100
train,chr3,191000000,192000000,10000,100
train,chr3,192000000,193000000,10000,100
train,chr3,193000000,194000000,10000,100
train,chr3,194000000,195000000,10000,100
train,chr3,195000000,196000000,10000,100
train,chr3,196000000,197000000,10000,100
train,chr3,197000000,198000000,10000,100
train,chr8,0,1000000,10000,100
train,chr8,1000000,2000000,10000,100
train,chr8,2000000,3000000,10000,100
train,chr8,3000000,4000000,10000,100
train,chr8,4000000,5000000,10000,100
train,chr8,5000000,6000000,10000,100
train,chr8,6000000,7000000,10000,100
train,chr8,7000000,8000000,10000,100
train,chr8,8000000,9000000,10000,100
train,chr8,9000000,10000000,10000,100
train,chr8,10000000,11000000,10000,100
train,chr8,11000000,12000000,10000,100
train,chr8,12000000,13000000,10000,100
train,chr8,13000000,14000000,10000,100
train,chr8,14000000,15000000,10000,100
train,chr8,15000000,16000000,10000,100
train,chr8,16000000,17000000,10000,100
train,chr8,17000000,18000000,10000,100
train,chr8,18000000,19000000,10000,100
train,chr8,19000000,20000000,10000,100
train,chr8,20000000,21000000,10000,100
train,chr8,21000000,22000000,10000,100
train,chr8,22000000,23000000,10000,100
train,chr8,23000000,24000000,10000,100
train,chr8,24000000,25000000,10000,100
train,chr8,25000000,26000000,10000,100
train,chr8,26000000,27000000,10000,100
train,chr8,27000000,28000000,10000,100
train,chr8,28000000,29000000,10000,100
train,chr8,29000000,30000000,10000,100
train,chr8,30000000,31000000,10000,100
train,chr8,31000000,32000000,10000,100
train,chr8,32000000,33000000,10000,100
train,chr8,33000000,34000000,10000,100
train,chr8,34000000,35000000,10000,100
train,chr8,35000000,36000000,10000,100
train,chr8,36000000,37000000,10000,100
train,chr8,37000000,38000000,10000,100
train,chr8,38000000,39000000,10000,100
train,chr8,39000000,40000000,10000,100
train,chr8,40000000,41000000,10000,100
train,chr8,41000000,42000000,10000,100
train,chr8,42000000,43000000,10000,100
train,chr8,43000000,44000000,10000,100
train,chr8,44000000,45000000,10000,100
train,chr8,45000000,46000000,10000,100
train,chr8,46000000,47000000,10000,100
train,chr8,47000000,48000000,10000,100
train,chr8,48000000,49000000,10000,100
train,chr8,49000000,50000000,10000,100
train,chr8,50000000,51000000,10000,100
train,chr8,51000000,52000000,10000,100
train,chr8,52000000,53000000,10000,100
train,chr8,53000000,54000000,10000,100
train,chr8,54000000,55000000,10000,100
train,chr8,55000000,56000000,10000,100
train,chr8,56000000,57000000,10000,100
train,chr8,57000000,58000000,10000,100
train,chr8,58000000,59000000,10000,100
train,chr8,59000000,60000000,10000,100
train,chr8,60000000,61000000,10000,100
train,chr8,61000000,62000000,10000,100
train,chr8,62000000,63000000,10000,100
train,chr8,63000000,64000000,10000,100
train,chr8,64000000,65000000,10000,100
train,chr8,65000000,66000000,10000,100
train,chr8,66000000,67000000,10000,100
train,chr8,67000000,68000000,10000,100
train,chr8,68000000,69000000,10000,100
train,chr8,69000000,70000000,10000,100
train,chr8,70000000,71000000,10000,100
train,chr8,71000000,72000000,10000,100
train,chr8,72000000,73000000,10000,100
train,chr8,73000000,74000000,10000,100
train,chr8,74000000,75000000,10000,100
train,chr8,75000000,76000000,10000,100
train,chr8,76000000,77000000,10000,100
train,chr8,77000000,78000000,10000,100
train,chr8,78000000,79000000,10000,100
train,chr8,79000000,80000000,10000,100
train,chr8,80000000,81000000,10000,100
train,chr8,81000000,82000000,10000,100
train,chr8,82000000,83000000,10000,100
train,chr8,83000000,84000000,10000,100
train,chr8,84000000,85000000,10000,100
train,chr8,85000000,86000000,10000,100
train,chr8,86000000,87000000,10000,100
train,chr8,87000000,88000000,10000,100
train,chr8,88000000,89000000,10000,100
train,chr8,89000000,90000000,10000,100
train,chr8,90000000,91000000,10000,100
train,chr8,91000000,92000000,10000,100
train,chr8,92000000,93000000,10000,100
train,chr8,93000000,94000000,10000,100
train,chr8,94000000,95000000,10000,100
train,chr8,95000000,96000000,10000,100
train,chr8,96000000,97000000,10000,100
train,chr8,97000000,98000000,10000,100
train,chr8,98000000,99000000,10000,100
train,chr8,99000000,100000000,10000,100
train,chr8,100000000,101000000,10000,100
train,chr8,101000000,102000000,10000,100
train,chr8,102000000,103000000,10000,100
train,chr8,103000000,104000000,10000,100
train,chr8,104000000,105000000,10000,100
train,chr8,105000000,106000000,10000,100
train,chr8,106000000,107000000,10000,100
train,chr8,107000000,108000000,10000,100
train,chr8,108000000,109000000,10000,100
train,chr8,109000000,110000000,10000,100
train,chr8,110000000,111000000,10000,100
train,chr8,111000000,112000000,10000,100
train,chr8,112000000,113000000,10000,100
train,chr8,113000000,114000000,10000,100
train,chr8,114000000,115000000,10000,100
train,chr8,115000000,116000000,10000,100
train,chr8,116000000,117000000,10000,100
train,chr8,117000000,118000000,10000,100
train,chr8,118000000,119000000,10000,100
train,chr8,119000000,120000000,10000,100
train,chr8,120000000,121000000,10000,100
train,chr8,121000000,122000000,10000,100
train,chr8,122000000,123000000,10000,100
train,chr8,123000000,124000000,10000,100
train,chr8,124000000,125000000,10000,100
train,chr8,125000000,126000000,10000,100
train,chr8,126000000,127000000,10000,100
train,chr8,127000000,128000000,10000,100
train,chr8,128000000,129000000,10000,100
train,chr8,129000000,130000000,10000,100
train,chr8,130000000,131000000,10000,100
train,chr8,131000000,132000000,10000,100
train,chr8,132000000,133000000,10000,100
train,chr8,133000000,134000000,10000,100
train,chr8,134000000,135000000,10000,100
train,chr8,135000000,136000000,10000,100
train,chr8,136000000,137000000,10000,100
train,chr8,137000000,138000000,10000,100
train,chr8,138000000,139000000,10000,100
train,chr8,139000000,140000000,10000,100
train,chr8,140000000,141000000,10000,100
train,chr8,141000000,142000000,10000,100
train,chr8,142000000,143000000,10000,100
train,chr8,143000000,144000000,10000,100
train,chr8,144000000,145000000,10000,100
val,chr10,0,1000000,10000,100
val,chr10,1000000,2000000,10000,100
val,chr10,2000000,3000000,10000,100
val,chr10,3000000,4000000,10000,100
val,chr10,4000000,5000000,10000,100
val,chr10,5000000,6000000,10000,100
val,chr10,6000000,7000000,10000,100
val,chr10,7000000,8000000,10000,100
val,chr10,8000000,9000000,10000,100
val,chr10,9000000,10000000,10000,100
val,chr10,10000000,11000000,10000,100
val,chr10,11000000,12000000,10000,100
val,chr10,12000000,13000000,10000,100
val,chr10,13000000,14000000,10000,100
val,chr10,14000000,15000000,10000,100
val,chr10,15000000,16000000,10000,100
val,chr10,16000000,17000000,10000,100
val,chr10,17000000,18000000,10000,100
val,chr10,18000000,19000000,10000,100
val,chr10,19000000,20000000,10000,100
val,chr10,20000000,21000000,10000,100
val,chr10,21000000,22000000,10000,100
val,chr10,22000000,23000000,10000,100
val,chr10,23000000,24000000,10000,100
val,chr10,24000000,25000000,10000,100
val,chr10,25000000,26000000,10000,100
val,chr10,26000000,27000000,10000,100
val,chr10,27000000,28000000,10000,100
val,chr10,28000000,29000000,10000,100
val,chr10,29000000,30000000,10000,100
val,chr10,30000000,31000000,10000,100
val,chr10,31000000,32000000,10000,100
val,chr10,32000000,33000000,10000,100
val,chr10,33000000,34000000,10000,100
val,chr10,34000000,35000000,10000,100
val,chr10,35000000,36000000,10000,100
val,chr10,36000000,37000000,10000,100
val,chr10,37000000,38000000,10000,100
val,chr10,38000000,39000000,10000,100
val,chr10,39000000,40000000,10000,100
val,chr10,40000000,41000000,10000,100
val,chr10,41000000,42000000,10000,100
val,chr10,42000000,43000000,10000,100
val,chr10,43000000,44000000,10000,100
val,chr10,44000000,45000000,10000,100
val,chr10,45000000,46000000,10000,100
val,chr10,46000000,47000000,10000,100
val,chr10,47000000,48000000,10000,100
val,chr10,48000000,49000000,10000,100
val,chr10,49000000,50000000,10000,100
val,chr10,50000000,51000000,10000,100
val,chr10,51000000,52000000,10000,100
val,chr10,52000000,53000000,10000,100
val,chr10,53000000,54000000,10000,100
val,chr10,54000000,55000000,10000,100
val,chr10,55000000,56000000,10000,100
val,chr10,56000000,57000000,10000,100
val,chr10,57000000,58000000,10000,100
val,chr10,58000000,59000000,10000,100
val,chr10,59000000,60000000,10000,100
val,chr10,60000000,61000000,10000,100
val,chr10,61000000,62000000,10000,100
val,chr10,62000000,63000000,10000,100
val,chr10,63000000,64000000,10000,100
val,chr10,64000000,65000000,10000,100
val,chr10,65000000,66000000,10000,100
val,chr10,66000000,67000000,10000,100
val,chr10,67000000,68000000,10000,100
val,chr10,68000000,69000000,10000,100
val,chr10,69000000,70000000,10000,100
val,chr10,70000000,71000000,10000,100
val,chr10,71000000,72000000,10000,100
val,chr10,72000000,73000000,10000,100
val,chr10,73000000,74000000,10000,100
val,chr10,74000000,75000000,10000,100
val,chr10,75000000,76000000,10000,100
val,chr10,76000000,77000000,10000,100
val,chr10,77000000,78000000,10000,100
val,chr10,78000000,79000000,10000,100
val,chr10,79000000,80000000,10000,100
val,chr10,80000000,81000000,10000,100
val,chr10,81000000,82000000,10000,100
val,chr10,82000000,83000000,10000,100
val,chr10,83000000,84000000,10000,100
val,chr10,84000000,85000000,10000,100
val,chr10,85000000,86000000,10000,100
val,chr10,86000000,87000000,10000,100
val,chr10,87000000,88000000,10000,100
val,chr10,88000000,89000000,10000,100
val,chr10,89000000,90000000,10000,100
val,chr10,90000000,91000000,10000,100
val,chr10,91000000,92000000,10000,100
val,chr10,92000000,93000000,10000,100
val,chr10,93000000,94000000,10000,100
val,chr10,94000000,95000000,10000,100
val,chr10,95000000,96000000,10000,100
val,chr10,96000000,97000000,10000,100
val,chr10,97000000,98000000,10000,100
val,chr10,98000000,99000000,10000,100
val,chr10,99000000,100000000,10000,100
val,chr10,100000000,101000000,10000,100
val,chr10,101000000,102000000,10000,100
val,chr10,102000000,103000000,10000,100
val,chr10,103000000,104000000,10000,100
val,chr10,104000000,105000000,10000,100
val,chr10,105000000,106000000,10000,100
val,chr10,106000000,107000000,10000,100
val,chr10,107000000,108000000,10000,100
val,chr10,108000000,109000000,10000,100
val,chr10,109000000,110000000,10000,100
val,chr10,110000000,111000000,10000,100
val,chr10,111000000,112000000,10000,100
val,chr10,112000000,113000000,10000,100
val,chr10,113000000,114000000,10000,100
val,chr10,114000000,115000000,10000,100
val,chr10,115000000,116000000,10000,100
val,chr10,116000000,117000000,10000,100
val,chr10,117000000,118000000,10000,100
val,chr10,118000000,119000000,10000,100
val,chr10,119000000,120000000,10000,100
val,chr10,120000000,121000000,10000,100
val,chr10,121000000,122000000,10000,100
val,chr10,122000000,123000000,10000,100
val,chr10,123000000,124000000,10000,100
val,chr10,124000000,125000000,10000,100
val,chr10,125000000,126000000,10000,100
val,chr10,126000000,127000000,10000,100
val,chr10,127000000,128000000,10000,100
val,chr10,128000000,129000000,10000,100
val,chr10,129000000,130000000,10000,100
val,chr10,130000000,131000000,10000,100
val,chr10,131000000,132000000,10000,100
val,chr10,132000000,133000000,10000,100
test,chr17,0,1000000,10000,100
test,chr17,1000000,2000000,10000,100
test,chr17,2000000,3000000,10000,100
test,chr17,3000000,4000000,10000,100
test,chr17,4000000,5000000,10000,100
test,chr17,5000000,6000000,10000,100
test,chr17,6000000,7000000,10000,100
test,chr17,7000000,8000000,10000,100
test,chr17,8000000,9000000,10000,100
test,chr17,9000000,10000000,10000,100
test,chr17,10000000,11000000,10000,100
test,chr17,11000000,12000000,10000,100
test,chr17,12000000,13000000,10000,100
test,chr17,13000000,14000000,10000,100
test,chr17,14000000,15000000,10000,100
test,chr17,15000000,16000000,10000,100
test,chr17,16000000,17000000,10000,100
test,chr17,17000000,18000000,10000,100
test,chr17,18000000,19000000,10000,100
test,chr17,19000000,20000000,10000,100
test,chr17,20000000,21000000,10000,100
test,chr17,21000000,22000000,10000,100
test,chr17,22000000,23000000,10000,100
test,chr17,23000000,24000000,10000,100
test,chr17,24000000,25000000,10000,100
test,chr17,25000000,26000000,10000,100
test,chr17,26000000,27000000,10000,100
test,chr17,27000000,28000000,10000,100
test,chr17,28000000,29000000,10000,100
test,chr17,29000000,30000000,10000,100
test,chr17,30000000,31000000,10000,100
test,chr17,31000000,32000000,10000,100
test,chr17,32000000,33000000,10000,100
test,chr17,33000000,34000000,10000,100
test,chr17,34000000,35000000,10000,100
test,chr17,35000000,36000000,10000,100
test,chr17,36000000,37000000,10000,100
test,chr17,37000000,38000000,10000,100
test,chr17,38000000,39000000,10000,100
test,chr17,39000000,40000000,10000,100
test,chr17,40000000,41000000,10000,100
test,chr17,41000000,42000000,10000,100
test,chr17,42000000,43000000,10000,100
test,chr17,43000000,44000000,10000,100
test,chr17,44000000,45000000,10000,100
test,chr17,45000000,46000000,10000,100
test,chr17,46000000,47000000,10000,100
test,chr17,47000000,48000000,10000,100
test,chr17,48000000,49000000,10000,100
test,chr17,49000000,50000000,10000,100
test,chr17,50000000,51000000,10000,100
test,chr17,51000000,52000000,10000,100
test,chr17,52000000,53000000,10000,100
test,chr17,53000000,54000000,10000,100
test,chr17,54000000,55000000,10000,100
test,chr17,55000000,56000000,10000,100
test,chr17,56000000,57000000,10000,100
test,chr17,57000000,58000000,10000,100
test,chr17,58000000,59000000,10000,100
test,chr17,59000000,60000000,10000,100
test,chr17,60000000,61000000,10000,100
test,chr17,61000000,62000000,10000,100
test,chr17,62000000,63000000,10000,100
test,chr17,63000000,64000000,10000,100
test,chr17,64000000,65000000,10000,100
test,chr17,65000000,66000000,10000,100
test,chr17,66000000,67000000,10000,100
test,chr17,67000000,68000000,10000,100
test,chr17,68000000,69000000,10000,100
test,chr17,69000000,70000000,10000,100
test,chr17,70000000,71000000,10000,100
test,chr17,71000000,72000000,10000,100
test,chr17,72000000,73000000,10000,100
test,chr17,73000000,74000000,10000,100
test,chr17,74000000,75000000,10000,100
test,chr17,75000000,76000000,10000,100
test,chr17,76000000,77000000,10000,100
test,chr17,77000000,78000000,10000,100
test,chr17,78000000,79000000,10000,100
test,chr17,79000000,80000000,10000,100
test,chr17,80000000,81000000,10000,100
test,chr17,81000000,82000000,10000,100
test,chr17,82000000,83000000,10000,100
