epoch,train_loss,train_mse,train_distance_stratified_mse,train_stratum_adjusted_corr,val_loss,val_mse,val_distance_stratified_mse,val_stratum_adjusted_corr,epoch_seconds,lr_at_epoch_end
1,0.40807271486236935,0.4080727142191747,0.40807271271637763,0.13806319272481285,0.28838275110020356,0.2883827485061963,0.2883827477641,0.2836171758899746,560.9891278743744,0.001
2,0.22555511097113293,0.22555511019253616,0.22555511057389344,0.3561234401685272,0.20334375430555904,0.2033437485464246,0.20334374946227077,0.41143815164816283,624.5990488529205,0.001
3,0.21094588906992048,0.21094588855159513,0.21094588795055247,0.39443990367596266,0.20358713672441595,0.20358713688054944,0.2035871355111628,0.4123274991295885,273.9650230407715,0.001
4,0.20118158615770795,0.20118158828499005,0.20118158797781296,0.4123613625184743,0.19897671219180613,0.19897671494194688,0.19897671573822773,0.43080394216740064,611.5589029788971,0.001
5,0.2001106851157688,0.20011068582832758,0.2001106852711339,0.41817127316580177,0.2104295781430076,0.21042957877028076,0.21042957835378778,0.4078130608206926,534.4427609443665,0.001
6,0.19887697341896238,0.1988769729687192,0.19887697379204156,0.4215636415229824,0.1991193075390423,0.199119304397883,0.19911930547566636,0.42147856591651917,500.45298409461975,0.001
7,0.19560331248101734,0.19560331341989304,0.19560331291632752,0.42708737230364674,0.18893003639052897,0.18893003819154247,0.18893003772067674,0.4418533475970121,326.4204857349396,0.001
8,0.1985563411599114,0.19855634062923422,0.19855634111069384,nan,0.19857226049198823,0.1985722614548114,0.19857226175503453,0.4409478713305879,452.2664461135864,0.001
9,0.1972034819069363,0.1972034816663966,0.19720348127162388,0.42999888734485175,0.19670049495556774,0.19670049916843282,0.1967004968283821,0.43444638081525117,561.0856499671936,0.001
10,0.19417843690940312,0.19417843757823686,0.19417843713844507,0.4323029245594063,0.18912656780551462,0.1891265644459054,0.1891265645082989,0.44415386195047946,342.7914659976959,0.001
11,0.19253268369606563,0.19253268343799435,0.192532683106254,0.4358290706195649,0.1884561382672366,0.1884561420251831,0.1884561419036639,0.4463573312781076,349.0540511608124,0.001
12,0.1926291890087582,0.19262918882180072,0.19262918848423788,0.43805732922566426,0.18650750114637263,0.18650750071679154,0.18650750223896462,0.4505930649470417,729.8426632881165,0.001
13,0.191175653111367,0.19117565297776656,0.191175652863592,0.43906495234805254,0.19306994273382075,0.19306994254892582,0.19306994309249975,0.440200504768606,836.5839660167694,0.001
14,0.19107839252267564,0.1910783916518128,0.19107839216821257,0.43936254184139967,0.2120562195777893,0.21205622088164092,0.21205621946390774,0.42016218546133477,1953.3508522510529,0.001
15,0.18811995372885748,0.18811995240123777,0.18811995281318084,0.4437123546914738,0.19674562794320724,0.1967456305618672,0.1967456306968405,0.4363724616732462,815.2345468997955,0.001
16,0.18986791982537224,0.1898679209503739,0.18986792067868868,0.4437103148227824,0.18791808801538804,0.18791808552367217,0.18791808553664477,0.45015968404912887,744.5546569824219,0.001
17,0.18755032193093074,0.18755032100714397,0.18755032194668403,0.44446711691449164,0.18735023544115179,0.18735023548086996,0.18735023551475025,0.4537076673790238,251.280198097229,0.001
18,0.18825828915550596,0.18825828924210716,0.18825828894254307,0.4459721573739966,0.18986389917485855,0.18986389811616391,0.1898638984524844,0.44591558648611374,851.2754142284393,0.001
19,0.18718153067997523,0.18718152945312752,0.18718152949719905,0.4475173083851831,0.18882947195978725,0.18882947246174273,0.18882947196518002,0.44891482440246644,1458.569277048111,0.001
20,0.18619321868533178,0.18619321762917457,0.18619321759059904,0.4492610983173787,0.20056034010999343,0.20056034201098716,0.2005603437315371,0.4393791061806177,1358.2487680912018,0.001
21,0.1912199502899533,0.19121995110534565,0.19121995101145284,nan,0.19042426347732544,0.19042426227139966,0.19042426279859845,0.44204854872148397,614.8773949146271,0.001
22,0.1886026477529889,0.1886026481763024,0.1886026484037968,0.44620195854949996,0.189948831410969,0.18994882763637339,0.18994882823122144,0.4473075750895583,411.88478899002075,0.001
23,0.18751483119669415,0.1875148314366795,0.18751483222987841,0.44690669077546896,0.18574282965239355,0.18574282656550434,0.18574282660273156,0.4535049822977556,537.4123420715332,0.001
24,0.1854088722240357,0.1854088721170445,0.1854088722406994,0.4512834742368503,0.1944970041513443,0.19449700667824157,0.19449700668467865,0.4444069036324709,470.407910823822,0.001
25,0.18474402938570295,0.18474403059304417,0.18474403103748133,0.4523853277761169,0.18747904721428366,0.18747904806274593,0.18747904689456954,0.45514485988127484,602.5408430099487,0.001
26,0.18508850094817933,0.1850885014668685,0.18508850145038067,0.4529472960461498,0.18499285333296833,0.1849928497476332,0.18499284962078755,0.45350638897093953,435.42480301856995,0.001
27,0.18402002652486166,0.18402002694023223,0.1840200267217924,0.4554428442053147,0.20194556257304022,0.20194556303322317,0.20194556285562132,0.4294016538425466,407.7408068180084,0.001
28,0.18496466037772952,0.18496466014385943,0.1849646596415429,0.45542161018928734,0.1865076852195403,0.18650768581325847,0.1865076857742037,0.450965798677461,1614.597440958023,0.001
29,0.18434776422523316,0.1843477660547034,0.18434776640931888,0.45548023304929425,0.22239678309244268,0.22239678984179215,0.22239678899572668,0.4092907112131643,96.6515200138092,0.001
30,0.18407051832903,0.18407052002604316,0.1840705197652746,0.4562321102806238,0.19040771266993353,0.19040770971709314,0.19040770950414299,0.44653393360161675,1096.0053839683533,0.001
31,0.18336541652679444,0.1833654154539025,0.18336541516942034,0.45713705949802447,0.18854186727720149,0.18854186752154528,0.18854186855317334,0.4509651521192377,1332.3208742141724,0.001
32,0.18411307760647366,0.18411307892558745,0.18411307897203233,0.45761113219928345,0.18566651291706981,0.18566651665117687,0.18566651628061662,0.4526548795821601,226.0462031364441,0.001
33,0.18270780330612546,0.1827078048628166,0.1827078052209808,0.4594936267919712,0.18776803069254933,0.18776802828258096,0.18776802909300494,0.4543129182246258,1162.498850107193,0.001
34,0.18325451953070504,0.18325451843591595,0.1832545185210022,0.45979414356591247,0.20452378865550547,0.2045237881021903,0.20452378858250622,0.42214642659201285,1089.7232220172882,0.001
35,0.18297386382307326,0.18297386497939616,0.182973864513941,0.45946188540407457,0.18762831039288463,0.18762831058599713,0.18762830937852198,0.45412266384175626,599.6922128200531,0.001
36,0.1818016297760464,0.18180162976710734,0.18180162928222368,0.46085066671339037,0.21622196278151343,0.2162219600423294,0.21622195964665425,0.41371836190036354,524.6996641159058,0.001
37,0.18152371048927307,0.1815237104760031,0.18152371061614506,0.4612990036990042,0.18723780355032751,0.18723780547100913,0.18723780574081875,0.4504219242493783,1023.2117691040039,0.001
38,0.18144971699941725,0.18144971859392606,0.18144971857362172,0.46289359773174005,0.1839990983991062,0.1839991015736493,0.18399910200382313,0.45781343266285046,1148.475280046463,0.001
39,0.18304144527230945,0.18304144470419573,0.18304144424843327,0.46283522186092046,0.18746353685855865,0.1874635390819201,0.18746353997680723,0.4539068072951728,2080.294018268585,0.001
40,0.1823662491071792,0.1823662504263623,0.18236625048259764,0.4620174835291802,0.19232967758879943,0.19232967755926758,0.19232967598247344,0.4556723739698462,1111.2075440883636,0.001
